Total_reported,Date_of_publication,Date_of_measurement,Wave,Region_name,Subgroup_category,Subgroup,Indicator_category,Indicator,Figure_type,Value,Lower_limit,Upper_limit,Change_wrt_previous_measurement,Hospital_admission,Deceased
184,25/07/2020,,,,,,,,,,,,,3,1
9822,22/12/2020,,,,,,,,,,,,,83,113
129,26/05/2020,,,,,,,,,,,,,7,20
4543,20/02/2021,,,,,,,,,,,,,91,62
969,08/09/2020,,,,,,,,,,,,,6,1
4911,25/11/2020,,,,,,,,,,,,,74,74
6946,05/11/2020,,,,,,,,,,,,,99,87
1171,12/04/2020,,,,,,,,,,,,,194,96
1222,12/09/2020,,,,,,,,,,,,,6,1
3972,02/03/2021,,,,,,,,,,,,,53,64
5687,19/11/2020,,,,,,,,,,,,,95,75
503,29/08/2020,,,,,,,,,,,,,2,4
105,01/06/2020,,,,,,,,,,,,,8,5
507,22/08/2020,,,,,,,,,,,,,11,5
179,11/05/2020,,,,,,,,,,,,,29,7
8710,10/12/2020,,,,,,,,,,,,,72,63
4288,09/03/2021,09/03/2021,9,Nederland,Alle,Totaal,Naleving,Werkt_thuis,Percentage,"67,4","65,6","69,2",-1,92,57
4288,09/03/2021,09/03/2021,9,Nederland,Alle,Totaal,Naleving,Was_vaak_je_handen,Percentage,"33,8","32,4","35,2",1,92,57
4288,09/03/2021,09/03/2021,9,Nederland,Alle,Totaal,Naleving,Vermijd_drukke_plekken,Percentage,"74,1","72,8","75,4",0,92,57
4288,09/03/2021,09/03/2021,9,Nederland,Alle,Totaal,Naleving,Thuisgewerkte_uren,Percentage,64,62,66,0,92,57
4288,09/03/2021,09/03/2021,9,Nederland,Alle,Totaal,Naleving,Ontvang_max_bezoekers_thuis,Percentage,"70,9","69,5","72,3",-1,92,57
4288,09/03/2021,09/03/2021,9,Nederland,Alle,Totaal,Naleving,Houd_1_5m_afstand,Percentage,"64,7","64,1","65,2",-1,92,57
4288,09/03/2021,09/03/2021,9,Nederland,Alle,Totaal,Naleving,Hoest_niest_in_elleboog,Percentage,"63,3","62,3","64,4",0,92,57
4288,09/03/2021,09/03/2021,9,Nederland,Alle,Totaal,Naleving,Draag_mondkapje_in_publieke_binnenruimtes,Percentage,"81,8","80,6",83,0,92,57
4288,09/03/2021,09/03/2021,9,Nederland,Alle,Totaal,Naleving,Draag_mondkapje_in_ov,Percentage,97,"94,7","98,3",0,92,57
4288,09/03/2021,09/03/2021,9,Nederland,Alle,Totaal,Naleving,Bij_klachten_laat_testen,Percentage,"43,6","39,5","47,8",1,92,57
4288,09/03/2021,09/03/2021,9,Nederland,Alle,Totaal,Naleving,Bij_klachten_blijf_thuis,Percentage,46,"40,6","51,4",0,92,57
4288,09/03/2021,09/03/2021,9,Nederland,Alle,Totaal,Naleving,Avondklok,Percentage,"88,9","87,9","89,9",-1,92,57
4,03/03/2020,,,,,,,,,,,,,1,0
134,16/06/2020,,,,,,,,,,,,,2,4
3376,17/02/2021,,,,,,,,,,,,,77,89
3286,30/09/2020,,,,,,,,,,,,,45,13
507,30/04/2020,,,,,,,,,,,,,91,85
7611,03/04/2021,,,,,,,,,,,,,67,31
8149,18/10/2020,,,,,,,,,,,,,69,14
2536,24/09/2020,,,,,,,,,,,,,24,16
7668,09/04/2021,,,,,,,,,,,,,104,41
959,08/04/2020,,,,,,,,,,,,,313,157
4670,09/11/2020,,,,,,,,,,,,,54,38
416,25/08/2020,,,,,,,,,,,,,15,5
5318,06/03/2021,,,,,,,,,,,,,45,42
195,12/05/2020,,,,,,,,,,,,,41,56
6545,09/12/2020,,,,,,,,,,,,,76,66
9818,26/12/2020,,,,,,,,,,,,,71,49
605,06/08/2020,,,,,,,,,,,,,3,0
8265,02/11/2020,,,,,,,,,,,,,89,29
1088,13/09/2020,,,,,,,,,,,,,17,1
730,15/04/2020,,,,,,,,,,,,,208,202
80,24/06/2020,,,,,,,,,,,,,5,3
1167,27/03/2020,,,,,,,,,,,,,339,122
4885,24/01/2021,,,,,,,,,,,,,63,30
6499,14/01/2021,,,,,,,,,,,,,75,86
183,20/07/2020,,,,,,,,,,,,,2,0
5564,06/04/2021,,,,,,,,,,,,,104,20
2976,27/09/2020,,,,,,,,,,,,,36,8
7989,19/10/2020,,,,,,,,,,,,,82,17
388,29/04/2020,,,,,,,,,,,,,80,141
181,13/06/2020,,,,,,,,,,,,,11,6
347,18/03/2020,,,,,,,,,,,,,91,15
3555,02/02/2021,,,,,,,,,,,,,67,83
217,05/06/2020,,,,,,,,,,,,,10,15
720,02/09/2020,,,,,,,,,,,,,6,5
5101,26/02/2021,,,,,,,,,,,,,52,65
5418,15/11/2020,,,,,,,,,,,,,98,44
2902,28/09/2020,,,,,,,,,,,,,38,6
5339,05/04/2021,,,,,,,,,,,,,56,8
193,28/04/2020,,,,,,,,,,,,,90,47
8144,20/10/2020,20/10/2020,2,Nederland,Alle,Totaal,Naleving,Werkt_thuis,Percentage,"70,9","69,2","72,5",,90,46
8144,20/10/2020,20/10/2020,2,Nederland,Alle,Totaal,Naleving,Was_vaak_je_handen,Percentage,"36,2","34,7","37,6",0,90,46
8144,20/10/2020,20/10/2020,2,Nederland,Alle,Totaal,Naleving,Vermijd_drukke_plekken,Percentage,"70,3","68,9","71,7",1,90,46
8144,20/10/2020,20/10/2020,2,Nederland,Alle,Totaal,Naleving,Thuisgewerkte_uren,Percentage,"66,6","64,7","68,6",,90,46
8144,20/10/2020,20/10/2020,2,Nederland,Alle,Totaal,Naleving,Ontvang_max_bezoekers_thuis,Percentage,96,"95,4","96,5",-1,90,46
8144,20/10/2020,20/10/2020,2,Nederland,Alle,Totaal,Naleving,Houd_1_5m_afstand,Percentage,"64,8","64,2","65,3",1,90,46
8144,20/10/2020,20/10/2020,2,Nederland,Alle,Totaal,Naleving,Hoest_niest_in_elleboog,Percentage,"61,8","60,8","62,9",,90,46
8144,20/10/2020,20/10/2020,2,Nederland,Alle,Totaal,Naleving,Draag_mondkapje_in_publieke_binnenruimtes,Percentage,"60,6","59,1","62,1",,90,46
8144,20/10/2020,20/10/2020,2,Nederland,Alle,Totaal,Naleving,Draag_mondkapje_in_ov,Percentage,,,,,90,46
8144,20/10/2020,20/10/2020,2,Nederland,Alle,Totaal,Naleving,Bij_klachten_laat_testen,Percentage,42,"38,8","45,3",1,90,46
8144,20/10/2020,20/10/2020,2,Nederland,Alle,Totaal,Naleving,Bij_klachten_blijf_thuis,Percentage,"40,7","36,7","44,8",0,90,46
8144,20/10/2020,20/10/2020,2,Nederland,Alle,Totaal,Naleving,Avondklok,Percentage,,,,,90,46
194,27/05/2020,,,,,,,,,,,,,10,19
4672,21/02/2021,,,,,,,,,,,,,42,17
795,07/09/2020,,,,,,,,,,,,,8,0
3947,24/11/2020,,,,,,,,,,,,,80,90
110,25/06/2020,,,,,,,,,,,,,4,3
5812,21/01/2021,,,,,,,,,,,,,87,91
874,30/03/2020,,,,,,,,,,,,,489,84
50,07/03/2020,,,,,,,,,,,,,7,1
4177,13/02/2021,,,,,,,,,,,,,62,67
90,20/06/2020,,,,,,,,,,,,,2,8
11166,16/12/2020,,,,,,,,,,,,,64,76
341,31/07/2020,,,,,,,,,,,,,8,0
5,02/03/2020,,,,,,,,,,,,,0,0
11497,25/12/2020,,,,,,,,,,,,,84,93
577,09/08/2020,,,,,,,,,,,,,9,0
637,21/03/2020,,,,,,,,,,,,,200,30
4176,30/01/2021,,,,,,,,,,,,,80,88
65,04/07/2020,,,,,,,,,,,,,1,7
7670,10/04/2021,,,,,,,,,,,,,56,23
1208,09/04/2020,,,,,,,,,,,,,250,143
2334,23/09/2020,,,,,,,,,,,,,32,5
5656,08/11/2020,,,,,,,,,,,,,94,43
5360,22/11/2020,,,,,,,,,,,,,66,21
1140,09/09/2020,,,,,,,,,,,,,9,2
4681,19/02/2021,,,,,,,,,,,,,72,50
178,29/05/2020,,,,,,,,,,,,,10,29
605,22/03/2020,,,,,,,,,,,,,161,44
76,03/07/2020,,,,,,,,,,,,,4,1
4402,29/01/2021,,,,,,,,,,,,,63,57
7094,07/12/2020,,,,,,,,,,,,,75,19
7610,20/03/2021,,,,,,,,,,,,,62,18
274,14/05/2020,,,,,,,,,,,,,29,30
620,11/08/2020,,,,,,,,,,,,,8,2
61,09/03/2020,,,,,,,,,,,,,5,1
4431,11/02/2021,,,,,,,,,,,,,73,74
68,22/06/2020,,,,,,,,,,,,,1,0
748,20/04/2020,,,,,,,,,,,,,79,59
4522,06/10/2020,,,,,,,,,,,,,82,21
7474,28/03/2021,,,,,,,,,,,,,70,15
8077,28/10/2020,,,,,,,,,,,,,87,53
6375,05/01/2021,05/01/2021,6,Nederland,Alle,Totaal,Naleving,Werkt_thuis,Percentage,"72,7",71,"74,4",0,94,152
6375,05/01/2021,05/01/2021,6,Nederland,Alle,Totaal,Naleving,Was_vaak_je_handen,Percentage,"32,3","30,9","33,7",-1,94,152
6375,05/01/2021,05/01/2021,6,Nederland,Alle,Totaal,Naleving,Vermijd_drukke_plekken,Percentage,"75,9","74,6","77,2",1,94,152
6375,05/01/2021,05/01/2021,6,Nederland,Alle,Totaal,Naleving,Thuisgewerkte_uren,Percentage,"70,2","68,3","72,2",1,94,152
6375,05/01/2021,05/01/2021,6,Nederland,Alle,Totaal,Naleving,Ontvang_max_bezoekers_thuis,Percentage,"90,7","89,8","91,5",-1,94,152
6375,05/01/2021,05/01/2021,6,Nederland,Alle,Totaal,Naleving,Houd_1_5m_afstand,Percentage,67,"66,4","67,5",1,94,152
6375,05/01/2021,05/01/2021,6,Nederland,Alle,Totaal,Naleving,Hoest_niest_in_elleboog,Percentage,"62,5","61,5","63,6",0,94,152
6375,05/01/2021,05/01/2021,6,Nederland,Alle,Totaal,Naleving,Draag_mondkapje_in_publieke_binnenruimtes,Percentage,"85,1",84,"86,2",1,94,152
6375,05/01/2021,05/01/2021,6,Nederland,Alle,Totaal,Naleving,Draag_mondkapje_in_ov,Percentage,"98,3","96,6","99,2",0,94,152
6375,05/01/2021,05/01/2021,6,Nederland,Alle,Totaal,Naleving,Bij_klachten_laat_testen,Percentage,50,"46,5","53,5",0,94,152
6375,05/01/2021,05/01/2021,6,Nederland,Alle,Totaal,Naleving,Bij_klachten_blijf_thuis,Percentage,"49,5","44,7","54,2",0,94,152
6375,05/01/2021,05/01/2021,6,Nederland,Alle,Totaal,Naleving,Avondklok,Percentage,,,,,94,152
84,11/07/2020,,,,,,,,,,,,,4,5
5448,11/01/2021,,,,,,,,,,,,,61,47
169,21/07/2020,,,,,,,,,,,,,1,1
166,08/06/2020,,,,,,,,,,,,,7,3
1759,09/02/2021,,,,,,,,,,,,,56,83
123,11/03/2020,,,,,,,,,,,,,17,1
572,26/08/2020,,,,,,,,,,,,,20,8
5933,20/11/2020,,,,,,,,,,,,,64,49
176,31/05/2020,,,,,,,,,,,,,7,4
4668,05/03/2021,,,,,,,,,,,,,76,32
319,05/05/2020,,,,,,,,,,,,,84,90
3937,03/10/2020,,,,,,,,,,,,,31,20
7634,31/03/2021,,,,,,,,,,,,,96,28
7335,13/10/2020,,,,,,,,,,,,,105,33
1,29/02/2020,,,,,,,,,,,,,1,0
248,29/07/2020,,,,,,,,,,,,,6,2
11958,18/12/2020,,,,,,,,,,,,,84,83
173,24/05/2020,,,,,,,,,,,,,12,11
920,06/09/2020,,,,,,,,,,,,,5,2
4182,22/02/2021,,,,,,,,,,,,,65,32
5752,27/11/2020,,,,,,,,,,,,,76,83
5572,20/01/2021,,,,,,,,,,,,,73,86
836,31/03/2020,,,,,,,,,,,,,695,168
66,28/06/2020,,,,,,,,,,,,,3,0
40,06/03/2020,,,,,,,,,,,,,5,0
113,17/06/2020,,,,,,,,,,,,,5,5
3431,14/02/2021,,,,,,,,,,,,,60,23
361,02/08/2020,,,,,,,,,,,,,5,1
9451,30/12/2020,,,,,,,,,,,,,91,111
4700,28/01/2021,,,,,,,,,,,,,64,82
553,23/03/2020,,,,,,,,,,,,,229,32
41,06/07/2020,,,,,,,,,,,,,0,0
6345,11/10/2020,,,,,,,,,,,,,54,16
5610,23/03/2021,,,,,,,,,,,,,79,48
8718,21/10/2020,,,,,,,,,,,,,101,57
405,27/04/2020,,,,,,,,,,,,,61,44
1272,11/09/2020,,,,,,,,,,,,,10,3
959,13/04/2020,,,,,,,,,,,,,129,74
7600,04/11/2020,,,,,,,,,,,,,101,102
72,13/07/2020,,,,,,,,,,,,,1,0
7398,03/01/2021,,,,,,,,,,,,,111,47
7402,28/12/2020,,,,,,,,,,,,,90,44
487,04/08/2020,,,,,,,,,,,,,8,2
6480,10/10/2020,,,,,,,,,,,,,51,23
7559,24/03/2021,,,,,,,,,,,,,63,31
8642,24/10/2020,,,,,,,,,,,,,93,55
805,24/04/2020,,,,,,,,,,,,,126,111
3241,01/02/2021,,,,,,,,,,,,,39,27
396,19/03/2020,,,,,,,,,,,,,73,23
75,02/07/2020,,,,,,,,,,,,,0,3
6761,06/12/2020,,,,,,,,,,,,,51,24
6974,21/03/2021,,,,,,,,,,,,,70,15
787,10/08/2020,,,,,,,,,,,,,6,0
202,15/05/2020,,,,,,,,,,,,,37,50
647,25/04/2020,,,,,,,,,,,,,101,127
5961,09/10/2020,,,,,,,,,,,,,64,14
7692,25/03/2021,,,,,,,,,,,,,93,25
9974,23/10/2020,,,,,,,,,,,,,109,47
8589,02/01/2021,,,,,,,,,,,,,58,38
119,16/07/2020,,,,,,,,,,,,,2,2
6004,21/11/2020,,,,,,,,,,,,,83,47
4099,04/03/2021,,,,,,,,,,,,,60,33
141,30/05/2020,,,,,,,,,,,,,5,20
508,27/08/2020,,,,,,,,,,,,,7,3
1008,01/04/2020,,,,,,,,,,,,,495,133
77,27/06/2020,,,,,,,,,,,,,3,3
4298,19/01/2021,,,,,,,,,,,,,101,105
1186,18/04/2020,,,,,,,,,,,,,138,149
8727,15/04/2021,,,,,,,,,,,,,91,14
1958,18/09/2020,,,,,,,,,,,,,12,6
11069,30/10/2020,,,,,,,,,,,,,105,86
113,13/03/2020,,,,,,,,,,,,,23,2
181,10/06/2020,,,,,,,,,,,,,4,14
3921,07/02/2021,,,,,,,,,,,,,58,48
2764,25/09/2020,,,,,,,,,,,,,34,16
7227,06/11/2020,,,,,,,,,,,,,91,116
1301,11/04/2020,,,,,,,,,,,,,214,142
7777,08/04/2021,,,,,,,,,,,,,69,18
5029,03/03/2021,,,,,,,,,,,,,49,48
501,28/08/2020,,,,,,,,,,,,,9,3
4586,18/11/2020,,,,,,,,,,,,,101,82
95,02/06/2020,,,,,,,,,,,,,6,4
9006,27/12/2020,,,,,,,,,,,,,78,28
517,07/08/2020,,,,,,,,,,,,,4,1
651,26/04/2020,,,,,,,,,,,,,80,64
6303,22/03/2021,,,,,,,,,,,,,62,15
9251,22/10/2020,,,,,,,,,,,,,109,46
6803,12/10/2020,,,,,,,,,,,,,58,13
1007,26/03/2020,,,,,,,,,,,,,317,71
34,07/07/2020,,,,,,,,,,,,,1,4
4094,25/01/2021,,,,,,,,,,,,,102,40
187,20/05/2020,,,,,,,,,,,,,14,33
4038,01/12/2020,01/12/2020,4,Nederland,Alle,Totaal,Naleving,Werkt_thuis,Percentage,"69,8",68,"71,5",0,59,61
4038,01/12/2020,01/12/2020,4,Nederland,Alle,Totaal,Naleving,Was_vaak_je_handen,Percentage,"33,4",32,"34,8",0,59,61
4038,01/12/2020,01/12/2020,4,Nederland,Alle,Totaal,Naleving,Vermijd_drukke_plekken,Percentage,"73,9","72,5","75,2",1,59,61
4038,01/12/2020,01/12/2020,4,Nederland,Alle,Totaal,Naleving,Thuisgewerkte_uren,Percentage,"64,3","62,2","66,3",0,59,61
4038,01/12/2020,01/12/2020,4,Nederland,Alle,Totaal,Naleving,Ontvang_max_bezoekers_thuis,Percentage,"95,2","94,5","95,8",1,59,61
4038,01/12/2020,01/12/2020,4,Nederland,Alle,Totaal,Naleving,Houd_1_5m_afstand,Percentage,"64,9","64,3","65,4",0,59,61
4038,01/12/2020,01/12/2020,4,Nederland,Alle,Totaal,Naleving,Hoest_niest_in_elleboog,Percentage,"61,6","60,5","62,7",0,59,61
4038,01/12/2020,01/12/2020,4,Nederland,Alle,Totaal,Naleving,Draag_mondkapje_in_publieke_binnenruimtes,Percentage,"71,6","70,2",73,0,59,61
4038,01/12/2020,01/12/2020,4,Nederland,Alle,Totaal,Naleving,Draag_mondkapje_in_ov,Percentage,"98,4","96,9","99,1",,59,61
4038,01/12/2020,01/12/2020,4,Nederland,Alle,Totaal,Naleving,Bij_klachten_laat_testen,Percentage,"45,3","41,8","48,8",0,59,61
4038,01/12/2020,01/12/2020,4,Nederland,Alle,Totaal,Naleving,Bij_klachten_blijf_thuis,Percentage,"44,2","39,7","48,8",0,59,61
4038,01/12/2020,01/12/2020,4,Nederland,Alle,Totaal,Naleving,Avondklok,Percentage,,,,,59,61
487,17/08/2020,,,,,,,,,,,,,5,0
5959,14/03/2021,,,,,,,,,,,,,58,24
708,22/04/2020,,,,,,,,,,,,,129,134
5785,08/10/2020,,,,,,,,,,,,,49,12
7566,26/03/2021,,,,,,,,,,,,,78,25
10303,26/10/2020,,,,,,,,,,,,,75,26
4925,27/02/2021,,,,,,,,,,,,,84,41
5899,14/11/2020,,,,,,,,,,,,,96,84
190,06/06/2020,,,,,,,,,,,,,6,8
467,01/09/2020,,,,,,,,,,,,,5,6
576,13/08/2020,,,,,,,,,,,,,6,4
6138,18/03/2021,,,,,,,,,,,,,72,33
194,16/05/2020,,,,,,,,,,,,,49,34
6529,05/12/2020,,,,,,,,,,,,,62,39
8170,01/01/2021,,,,,,,,,,,,,77,98
109,15/07/2020,,,,,,,,,,,,,4,2
125,18/06/2020,,,,,,,,,,,,,3,3
17,05/03/2020,,,,,,,,,,,,,3,0
2844,15/02/2021,,,,,,,,,,,,,47,27
207,12/06/2020,,,,,,,,,,,,,5,7
173,15/03/2020,,,,,,,,,,,,,24,7
4324,05/02/2021,,,,,,,,,,,,,92,60
782,07/04/2020,,,,,,,,,,,,,285,231
4644,10/11/2020,10/11/2020,3,Nederland,Alle,Totaal,Naleving,Werkt_thuis,Percentage,"70,3","68,6",72,0,73,95
4644,10/11/2020,10/11/2020,3,Nederland,Alle,Totaal,Naleving,Was_vaak_je_handen,Percentage,"35,1","33,6","36,5",0,73,95
4644,10/11/2020,10/11/2020,3,Nederland,Alle,Totaal,Naleving,Vermijd_drukke_plekken,Percentage,"71,9","70,5","73,2",0,73,95
4644,10/11/2020,10/11/2020,3,Nederland,Alle,Totaal,Naleving,Thuisgewerkte_uren,Percentage,"64,3","62,2","66,4",0,73,95
4644,10/11/2020,10/11/2020,3,Nederland,Alle,Totaal,Naleving,Ontvang_max_bezoekers_thuis,Percentage,"93,5","92,7","94,2",-1,73,95
4644,10/11/2020,10/11/2020,3,Nederland,Alle,Totaal,Naleving,Houd_1_5m_afstand,Percentage,"64,5","63,9",65,0,73,95
4644,10/11/2020,10/11/2020,3,Nederland,Alle,Totaal,Naleving,Hoest_niest_in_elleboog,Percentage,"61,3","60,2","62,5",0,73,95
4644,10/11/2020,10/11/2020,3,Nederland,Alle,Totaal,Naleving,Draag_mondkapje_in_publieke_binnenruimtes,Percentage,"69,8","68,3","71,2",1,73,95
4644,10/11/2020,10/11/2020,3,Nederland,Alle,Totaal,Naleving,Draag_mondkapje_in_ov,Percentage,,,,,73,95
4644,10/11/2020,10/11/2020,3,Nederland,Alle,Totaal,Naleving,Bij_klachten_laat_testen,Percentage,"44,4","40,9","47,9",0,73,95
4644,10/11/2020,10/11/2020,3,Nederland,Alle,Totaal,Naleving,Bij_klachten_blijf_thuis,Percentage,44,"39,4","48,6",0,73,95
4644,10/11/2020,10/11/2020,3,Nederland,Alle,Totaal,Naleving,Avondklok,Percentage,,,,,73,95
6676,12/04/2021,,,,,,,,,,,,,68,20
2212,21/09/2020,,,,,,,,,,,,,26,2
7521,29/12/2020,,,,,,,,,,,,,111,169
428,05/08/2020,,,,,,,,,,,,,5,3
6030,15/01/2021,,,,,,,,,,,,,73,94
109,17/07/2020,,,,,,,,,,,,,1,2
3888,08/03/2021,,,,,,,,,,,,,62,26
242,10/05/2020,,,,,,,,,,,,,26,19
8838,11/12/2020,,,,,,,,,,,,,58,64
455,23/08/2020,,,,,,,,,,,,,7,0
5583,17/01/2021,,,,,,,,,,,,,69,43
1020,03/04/2020,,,,,,,,,,,,,501,145
76,29/06/2020,,,,,,,,,,,,,3,2
4563,18/02/2021,,,,,,,,,,,,,64,74
179,28/05/2020,,,,,,,,,,,,,16,27
5181,23/11/2020,,,,,,,,,,,,,51,54
837,10/09/2020,,,,,,,,,,,,,16,3
6867,04/04/2021,,,,,,,,,,,,,60,16
8107,17/10/2020,,,,,,,,,,,,,75,28
3004,29/09/2020,29/09/2020,1,Nederland,Alle,Totaal,Naleving,Werkt_thuis,Percentage,,,,,47,13
3004,29/09/2020,29/09/2020,1,Nederland,Alle,Totaal,Naleving,Was_vaak_je_handen,Percentage,"36,1","34,7","37,6",,47,13
3004,29/09/2020,29/09/2020,1,Nederland,Alle,Totaal,Naleving,Vermijd_drukke_plekken,Percentage,"63,3","61,8","64,7",,47,13
3004,29/09/2020,29/09/2020,1,Nederland,Alle,Totaal,Naleving,Thuisgewerkte_uren,Percentage,,,,,47,13
3004,29/09/2020,29/09/2020,1,Nederland,Alle,Totaal,Naleving,Ontvang_max_bezoekers_thuis,Percentage,"97,3","96,7","97,7",,47,13
3004,29/09/2020,29/09/2020,1,Nederland,Alle,Totaal,Naleving,Houd_1_5m_afstand,Percentage,"61,6","61,1","62,2",,47,13
3004,29/09/2020,29/09/2020,1,Nederland,Alle,Totaal,Naleving,Hoest_niest_in_elleboog,Percentage,,,,,47,13
3004,29/09/2020,29/09/2020,1,Nederland,Alle,Totaal,Naleving,Draag_mondkapje_in_publieke_binnenruimtes,Percentage,,,,,47,13
3004,29/09/2020,29/09/2020,1,Nederland,Alle,Totaal,Naleving,Draag_mondkapje_in_ov,Percentage,,,,,47,13
3004,29/09/2020,29/09/2020,1,Nederland,Alle,Totaal,Naleving,Bij_klachten_laat_testen,Percentage,"32,2","29,1","35,4",,47,13
3004,29/09/2020,29/09/2020,1,Nederland,Alle,Totaal,Naleving,Bij_klachten_blijf_thuis,Percentage,"46,1","42,5","49,7",,47,13
3004,29/09/2020,29/09/2020,1,Nederland,Alle,Totaal,Naleving,Avondklok,Percentage,,,,,47,13
478,01/05/2020,,,,,,,,,,,,,78,101
4785,18/01/2021,,,,,,,,,,,,,85,59
57,30/06/2020,,,,,,,,,,,,,2,5
1083,02/04/2020,,,,,,,,,,,,,602,155
7092,06/01/2021,,,,,,,,,,,,,102,175
95,12/07/2020,,,,,,,,,,,,,2,0
533,20/03/2020,,,,,,,,,,,,,141,28
62,01/07/2020,,,,,,,,,,,,,2,3
3683,31/01/2021,,,,,,,,,,,,,57,40
288,17/03/2020,,,,,,,,,,,,,105,17
144,14/06/2020,,,,,,,,,,,,,8,1
4028,03/02/2021,,,,,,,,,,,,,66,62
1,28/02/2020,,,,,,,,,,,,,0,0
341,30/07/2020,,,,,,,,,,,,,3,0
12224,19/12/2020,,,,,,,,,,,,,102,55
8577,18/04/2021,,,,,,,,,,,,,67,12
1234,17/04/2020,,,,,,,,,,,,,155,153
1376,15/09/2020,,,,,,,,,,,,,25,2
9772,31/10/2020,,,,,,,,,,,,,117,51
8794,27/03/2021,,,,,,,,,,,,,66,29
4975,07/10/2020,,,,,,,,,,,,,62,36
10169,25/10/2020,,,,,,,,,,,,,110,27
876,23/04/2020,,,,,,,,,,,,,132,133
7356,19/03/2021,,,,,,,,,,,,,73,45
651,12/08/2020,,,,,,,,,,,,,10,2
5891,04/12/2020,,,,,,,,,,,,,54,57
125,17/05/2020,,,,,,,,,,,,,11,10
1327,10/04/2020,,,,,,,,,,,,,211,119
6616,07/11/2020,,,,,,,,,,,,,122,72
6376,07/04/2021,,,,,,,,,,,,,140,23
2701,26/09/2020,,,,,,,,,,,,,29,38
11498,24/12/2020,,,,,,,,,,,,,90,88
484,08/08/2020,,,,,,,,,,,,,3,3
9680,07/01/2021,,,,,,,,,,,,,91,81
60,09/07/2020,,,,,,,,,,,,,0,2
145,18/07/2020,,,,,,,,,,,,,3,1
5299,16/01/2021,,,,,,,,,,,,,54,96
3,01/03/2020,,,,,,,,,,,,,0,0
431,01/08/2020,,,,,,,,,,,,,4,1
12778,17/12/2020,,,,,,,,,,,,,94,76
3814,23/02/2021,,,,,,,,,,,,,59,93
4470,26/11/2020,,,,,,,,,,,,,63,74
213,25/05/2020,,,,,,,,,,,,,10,9
649,05/09/2020,,,,,,,,,,,,,5,5
8919,16/04/2021,,,,,,,,,,,,,47,12
1739,17/09/2020,,,,,,,,,,,,,14,6
10248,29/10/2020,,,,,,,,,,,,,83,62
1023,19/04/2020,,,,,,,,,,,,,101,79
506,30/08/2020,,,,,,,,,,,,,3,0
3753,01/03/2021,,,,,,,,,,,,,68,20
188,04/06/2020,,,,,,,,,,,,,10,12
4842,16/11/2020,,,,,,,,,,,,,85,45
319,08/05/2020,,,,,,,,,,,,,70,76
9879,13/12/2020,,,,,,,,,,,,,80,29
5264,10/03/2021,,,,,,,,,,,,,66,31
533,21/08/2020,,,,,,,,,,,,,18,1
130,10/03/2020,,,,,,,,,,,,,9,0
3181,10/02/2021,,,,,,,,,,,,,67,78
95,21/06/2020,,,,,,,,,,,,,3,1
145,19/07/2020,,,,,,,,,,,,,3,0
6094,13/01/2021,,,,,,,,,,,,,68,121
553,19/08/2020,,,,,,,,,,,,,18,6
319,06/05/2020,,,,,,,,,,,,,25,33
6632,15/12/2020,15/12/2020,5,Nederland,Alle,Totaal,Naleving,Werkt_thuis,Percentage,71,"69,3","72,6",0,64,86
6632,15/12/2020,15/12/2020,5,Nederland,Alle,Totaal,Naleving,Was_vaak_je_handen,Percentage,"34,8","33,4","36,2",0,64,86
6632,15/12/2020,15/12/2020,5,Nederland,Alle,Totaal,Naleving,Vermijd_drukke_plekken,Percentage,"73,4","72,1","74,7",0,64,86
6632,15/12/2020,15/12/2020,5,Nederland,Alle,Totaal,Naleving,Thuisgewerkte_uren,Percentage,"65,6","63,6","67,6",0,64,86
6632,15/12/2020,15/12/2020,5,Nederland,Alle,Totaal,Naleving,Ontvang_max_bezoekers_thuis,Percentage,"96,6",96,"97,1",1,64,86
6632,15/12/2020,15/12/2020,5,Nederland,Alle,Totaal,Naleving,Houd_1_5m_afstand,Percentage,"65,1","64,6","65,7",0,64,86
6632,15/12/2020,15/12/2020,5,Nederland,Alle,Totaal,Naleving,Hoest_niest_in_elleboog,Percentage,"62,8","61,7","63,8",0,64,86
6632,15/12/2020,15/12/2020,5,Nederland,Alle,Totaal,Naleving,Draag_mondkapje_in_publieke_binnenruimtes,Percentage,82,"80,8","83,1",1,64,86
6632,15/12/2020,15/12/2020,5,Nederland,Alle,Totaal,Naleving,Draag_mondkapje_in_ov,Percentage,"97,8","96,2","98,8",0,64,86
6632,15/12/2020,15/12/2020,5,Nederland,Alle,Totaal,Naleving,Bij_klachten_laat_testen,Percentage,"50,9","47,6","54,2",1,64,86
6632,15/12/2020,15/12/2020,5,Nederland,Alle,Totaal,Naleving,Bij_klachten_blijf_thuis,Percentage,"47,7","43,2","52,1",0,64,86
6632,15/12/2020,15/12/2020,5,Nederland,Alle,Totaal,Naleving,Avondklok,Percentage,,,,,64,86
5983,12/03/2021,,,,,,,,,,,,,79,27
3253,01/10/2020,,,,,,,,,,,,,44,13
7218,02/04/2021,,,,,,,,,,,,,91,16
338,03/05/2020,,,,,,,,,,,,,42,82
7779,15/10/2020,,,,,,,,,,,,,76,29
361,07/05/2020,,,,,,,,,,,,,35,89
8463,14/12/2020,,,,,,,,,,,,,75,35
6382,13/03/2021,,,,,,,,,,,,,58,22
493,18/08/2020,,,,,,,,,,,,,4,3
5752,22/01/2021,,,,,,,,,,,,,70,89
1092,29/03/2020,,,,,,,,,,,,,510,122
93,26/06/2020,,,,,,,,,,,,,5,2
1070,16/04/2020,,,,,,,,,,,,,169,177
1537,16/09/2020,,,,,,,,,,,,,15,2
8679,01/11/2020,,,,,,,,,,,,,109,39
8286,17/04/2021,,,,,,,,,,,,,83,31
4206,04/02/2021,,,,,,,,,,,,,69,67
162,11/06/2020,,,,,,,,,,,,,3,4
270,16/03/2020,,,,,,,,,,,,,40,4
1844,20/09/2020,,,,,,,,,,,,,20,4
6068,13/11/2020,,,,,,,,,,,,,85,54
1002,04/04/2020,,,,,,,,,,,,,363,187
6739,13/04/2021,,,,,,,,,,,,,80,30
5859,30/03/2021,30/03/2021,10,Nederland,Alle,Totaal,Naleving,Werkt_thuis,Percentage,"67,8",66,"69,5",0,65,36
5859,30/03/2021,30/03/2021,10,Nederland,Alle,Totaal,Naleving,Was_vaak_je_handen,Percentage,"34,7","33,3","36,1",0,65,36
5859,30/03/2021,30/03/2021,10,Nederland,Alle,Totaal,Naleving,Vermijd_drukke_plekken,Percentage,73,"71,7","74,4",0,65,36
5859,30/03/2021,30/03/2021,10,Nederland,Alle,Totaal,Naleving,Thuisgewerkte_uren,Percentage,"62,8","60,8","64,9",0,65,36
5859,30/03/2021,30/03/2021,10,Nederland,Alle,Totaal,Naleving,Ontvang_max_bezoekers_thuis,Percentage,"69,3","67,9","70,6",0,65,36
5859,30/03/2021,30/03/2021,10,Nederland,Alle,Totaal,Naleving,Houd_1_5m_afstand,Percentage,"63,4","62,9",64,-1,65,36
5859,30/03/2021,30/03/2021,10,Nederland,Alle,Totaal,Naleving,Hoest_niest_in_elleboog,Percentage,"64,3","63,2","65,4",0,65,36
5859,30/03/2021,30/03/2021,10,Nederland,Alle,Totaal,Naleving,Draag_mondkapje_in_publieke_binnenruimtes,Percentage,"80,8","79,6","82,1",0,65,36
5859,30/03/2021,30/03/2021,10,Nederland,Alle,Totaal,Naleving,Draag_mondkapje_in_ov,Percentage,"98,2","96,8",99,0,65,36
5859,30/03/2021,30/03/2021,10,Nederland,Alle,Totaal,Naleving,Bij_klachten_laat_testen,Percentage,"56,2","52,4","59,9",1,65,36
5859,30/03/2021,30/03/2021,10,Nederland,Alle,Totaal,Naleving,Bij_klachten_blijf_thuis,Percentage,"40,2","34,9","45,8",0,65,36
5859,30/03/2021,30/03/2021,10,Nederland,Alle,Totaal,Naleving,Avondklok,Percentage,"90,3","89,4","91,2",1,65,36
7252,14/10/2020,,,,,,,,,,,,,76,32
201,04/05/2020,,,,,,,,,,,,,32,15
3985,04/10/2020,,,,,,,,,,,,,24,4
526,31/08/2020,,,,,,,,,,,,,10,0
4639,28/02/2021,,,,,,,,,,,,,60,20
93,03/06/2020,,,,,,,,,,,,,11,13
4281,17/11/2020,,,,,,,,,,,,,78,85
4555,05/10/2020,,,,,,,,,,,,,56,7
6785,29/03/2021,,,,,,,,,,,,,57,10
716,21/04/2020,,,,,,,,,,,,,117,163
10267,27/10/2020,,,,,,,,,,,,,107,69
10394,23/12/2020,,,,,,,,,,,,,94,104
213,26/07/2020,,,,,,,,,,,,,2,0
4729,27/01/2021,,,,,,,,,,,,,67,68
749,24/03/2020,,,,,,,,,,,,,245,62
72,05/07/2020,,,,,,,,,,,,,0,1
5383,11/11/2020,,,,,,,,,,,,,73,76
8154,11/04/2021,,,,,,,,,,,,,91,17
945,06/04/2020,,,,,,,,,,,,,258,91
2237,22/09/2020,,,,,,,,,,,,,30,10
4374,24/02/2021,,,,,,,,,,,,,49,63
184,22/05/2020,,,,,,,,,,,,,10,10
5565,29/11/2020,,,,,,,,,,,,,74,25
743,04/09/2020,,,,,,,,,,,,,7,2
4573,30/11/2020,,,,,,,,,,,,,53,28
499,16/08/2020,,,,,,,,,,,,,6,3
5505,15/03/2021,,,,,,,,,,,,,52,18
254,21/05/2020,,,,,,,,,,,,,13,29
2692,16/02/2021,16/02/2021,8,Nederland,Alle,Totaal,Naleving,Werkt_thuis,Percentage,70,"68,2","71,7",0,59,88
2692,16/02/2021,16/02/2021,8,Nederland,Alle,Totaal,Naleving,Was_vaak_je_handen,Percentage,"30,8","29,4","32,2",-1,59,88
2692,16/02/2021,16/02/2021,8,Nederland,Alle,Totaal,Naleving,Vermijd_drukke_plekken,Percentage,"73,6","72,2","74,9",-1,59,88
2692,16/02/2021,16/02/2021,8,Nederland,Alle,Totaal,Naleving,Thuisgewerkte_uren,Percentage,"66,4","64,4","68,4",-1,59,88
2692,16/02/2021,16/02/2021,8,Nederland,Alle,Totaal,Naleving,Ontvang_max_bezoekers_thuis,Percentage,"76,5","75,2","77,7",-1,59,88
2692,16/02/2021,16/02/2021,8,Nederland,Alle,Totaal,Naleving,Houd_1_5m_afstand,Percentage,"65,4","64,9",66,-1,59,88
2692,16/02/2021,16/02/2021,8,Nederland,Alle,Totaal,Naleving,Hoest_niest_in_elleboog,Percentage,"63,3","62,2","64,3",0,59,88
2692,16/02/2021,16/02/2021,8,Nederland,Alle,Totaal,Naleving,Draag_mondkapje_in_publieke_binnenruimtes,Percentage,"81,9","80,6","83,1",-1,59,88
2692,16/02/2021,16/02/2021,8,Nederland,Alle,Totaal,Naleving,Draag_mondkapje_in_ov,Percentage,"98,1","96,2",99,0,59,88
2692,16/02/2021,16/02/2021,8,Nederland,Alle,Totaal,Naleving,Bij_klachten_laat_testen,Percentage,"35,5","31,4","39,8",-1,59,88
2692,16/02/2021,16/02/2021,8,Nederland,Alle,Totaal,Naleving,Bij_klachten_blijf_thuis,Percentage,"49,6","44,2",55,0,59,88
2692,16/02/2021,16/02/2021,8,Nederland,Alle,Totaal,Naleving,Avondklok,Percentage,"90,7","89,8","91,6",-1,59,88
159,15/06/2020,,,,,,,,,,,,,2,7
10,04/03/2020,,,,,,,,,,,,,1,0
6633,04/01/2021,,,,,,,,,,,,,71,65
98,14/07/2020,,,,,,,,,,,,,8,10
57,08/07/2020,,,,,,,,,,,,,6,4
3959,26/01/2021,26/01/2021,7,Nederland,Alle,Totaal,Naleving,Werkt_thuis,Percentage,"70,5","68,8","72,2",0,70,86
3959,26/01/2021,26/01/2021,7,Nederland,Alle,Totaal,Naleving,Was_vaak_je_handen,Percentage,33,"31,6","34,5",0,70,86
3959,26/01/2021,26/01/2021,7,Nederland,Alle,Totaal,Naleving,Vermijd_drukke_plekken,Percentage,"76,1","74,7","77,4",0,70,86
3959,26/01/2021,26/01/2021,7,Nederland,Alle,Totaal,Naleving,Thuisgewerkte_uren,Percentage,"69,3","67,3","71,2",0,70,86
3959,26/01/2021,26/01/2021,7,Nederland,Alle,Totaal,Naleving,Ontvang_max_bezoekers_thuis,Percentage,"79,9","78,6","81,1",-1,70,86
3959,26/01/2021,26/01/2021,7,Nederland,Alle,Totaal,Naleving,Houd_1_5m_afstand,Percentage,"66,9","66,3","67,5",0,70,86
3959,26/01/2021,26/01/2021,7,Nederland,Alle,Totaal,Naleving,Hoest_niest_in_elleboog,Percentage,"63,1",62,"64,2",0,70,86
3959,26/01/2021,26/01/2021,7,Nederland,Alle,Totaal,Naleving,Draag_mondkapje_in_publieke_binnenruimtes,Percentage,"84,4","83,2","85,5",0,70,86
3959,26/01/2021,26/01/2021,7,Nederland,Alle,Totaal,Naleving,Draag_mondkapje_in_ov,Percentage,"97,6","95,4","98,8",0,70,86
3959,26/01/2021,26/01/2021,7,Nederland,Alle,Totaal,Naleving,Bij_klachten_laat_testen,Percentage,"43,4","39,4","47,4",-1,70,86
3959,26/01/2021,26/01/2021,7,Nederland,Alle,Totaal,Naleving,Bij_klachten_blijf_thuis,Percentage,"52,9","47,6","58,1",0,70,86
3959,26/01/2021,26/01/2021,7,Nederland,Alle,Totaal,Naleving,Avondklok,Percentage,"94,1","93,3","94,8",,70,86
843,25/03/2020,,,,,,,,,,,,,325,76
4908,02/12/2020,,,,,,,,,,,,,61,66
5912,17/03/2021,,,,,,,,,,,,,70,47
111,19/05/2020,,,,,,,,,,,,,33,24
627,14/08/2020,,,,,,,,,,,,,12,2
2259,08/02/2021,,,,,,,,,,,,,40,25
239,07/06/2020,,,,,,,,,,,,,3,3
127,12/03/2020,,,,,,,,,,,,,22,0
8114,08/01/2021,,,,,,,,,,,,,84,88
65,10/07/2020,,,,,,,,,,,,,3,0
0,27/02/2020,,,,,,,,,,,,,1,0
209,27/07/2020,,,,,,,,,,,,,3,1
12998,20/12/2020,,,,,,,,,,,,,99,31
7739,03/11/2020,,,,,,,,,,,,,99,112
862,14/04/2020,,,,,,,,,,,,,206,107
7187,19/04/2021,,,,,,,,,,,,,96,22
1297,14/09/2020,,,,,,,,,,,,,8,2
4331,12/02/2021,,,,,,,,,,,,,82,65
108,19/06/2020,,,,,,,,,,,,,9,4
32,08/03/2020,,,,,,,,,,,,,11,1
148,18/05/2020,,,,,,,,,,,,,30,13
656,15/08/2020,,,,,,,,,,,,,7,2
5594,03/12/2020,,,,,,,,,,,,,73,59
4945,16/03/2021,,,,,,,,,,,,,59,31
1099,05/04/2020,,,,,,,,,,,,,233,103
5619,12/11/2020,,,,,,,,,,,,,92,85
1892,19/09/2020,,,,,,,,,,,,,32,3
5458,14/04/2021,,,,,,,,,,,,,79,28
9667,31/12/2020,,,,,,,,,,,,,135,109
372,03/08/2020,,,,,,,,,,,,,7,0
4095,06/02/2021,,,,,,,,,,,,,71,61
164,09/06/2020,,,,,,,,,,,,,6,13
219,14/03/2020,,,,,,,,,,,,,28,4
6605,10/01/2021,,,,,,,,,,,,,78,53
155,24/07/2020,,,,,,,,,,,,,4,0
288,09/05/2020,,,,,,,,,,,,,60,66
9123,12/12/2020,,,,,,,,,,,,,78,53
5300,11/03/2021,,,,,,,,,,,,,78,50
531,20/08/2020,,,,,,,,,,,,,10,9
599,03/09/2020,,,,,,,,,,,,,5,2
4990,25/02/2021,,,,,,,,,,,,,58,32
4465,28/11/2020,,,,,,,,,,,,,67,56
177,23/05/2020,,,,,,,,,,,,,13,23
7331,09/01/2021,,,,,,,,,,,,,78,137
164,23/07/2020,,,,,,,,,,,,,2,1
3804,02/10/2020,,,,,,,,,,,,,22,9
7823,01/04/2021,,,,,,,,,,,,,66,22
437,02/05/2020,,,,,,,,,,,,,99,87
7955,16/10/2020,,,,,,,,,,,,,85,18
5450,23/01/2021,,,,,,,,,,,,,78,88
70,23/06/2020,,,,,,,,,,,,,4,5
1146,28/03/2020,,,,,,,,,,,,,462,89
11156,21/12/2020,,,,,,,,,,,,,76,30
224,28/07/2020,,,,,,,,,,,,,4,4
170,22/07/2020,,,,,,,,,,,,,1,2
4942,12/01/2021,,,,,,,,,,,,,99,153
573,24/08/2020,,,,,,,,,,,,,5,2
6119,08/12/2020,,,,,,,,,,,,,70,68
223,13/05/2020,,,,,,,,,,,,,60,52
4512,07/03/2021,,,,,,,,,,,,,79,29
